,ConvertedCompYearly,C++,HTML/CSS,JavaScript,Objective-C,PHP,Swift,Python,Assembly,C,R,Rust,TypeScript,Bash/Shell,SQL,C#,Java,Node.js,PowerShell,Ruby,Perl,Matlab,Kotlin,Julia,Haskell,Delphi,Go,Scala,Dart,VBA,Groovy,Clojure,APL,LISP,F#,Elixir,Erlang,Crystal,COBOL,PostgreSQL,SQLite,Elasticsearch,Redis,MySQL,Microsoft SQL Server,Oracle,MongoDB,MariaDB,DynamoDB,Couchbase,Firebase,Cassandra,IBM DB2,Laravel,Symfony,Angular,Flask,Vue.js,jQuery,Express,React.js,Angular.js,Ruby on Rails,Django,FastAPI,ASP.NET Core ,Spring,Svelte,ASP.NET,Gatsby,Drupal,Heroku,Microsoft Azure,AWS,Google Cloud Platform,DigitalOcean,Oracle Cloud Infrastructure,IBM Cloud or Watson,total_2
ConvertedCompYearly,1.00,0.00,-0.01,0.00,0.01,0.00,0.03,0.00,0.01,0.00,-0.01,0.00,0.03,0.01,-0.01,0.01,0.02,0.02,0.00,0.01,0.00,-0.02,0.03,0.01,0.00,0.00,0.03,0.00,0.00,-0.02,0.00,0.01,0.01,0.00,0.00,-0.01,0.01,0.00,0.00,0.00,0.00,0.01,0.01,0.00,-0.01,0.00,-0.01,0.00,0.02,0.01,0.00,0.00,0.02,-0.01,0.00,0.01,0.01,0.01,0.00,0.01,0.01,0.01,0.00,-0.02,0.00,0.01,0.02,0.01,0.01,-0.01,-0.01,-0.01,0.02,0.03,0.03,0.00,0.01,-0.01,0.02
C++,0.00,1.00,-0.10,-0.12,0.09,0.00,0.04,0.20,0.27,0.53,0.04,0.14,-0.08,0.12,-0.10,0.04,0.06,-0.04,0.03,-0.06,0.12,0.16,-0.01,0.06,0.05,0.06,0.06,0.00,0.02,0.02,0.01,-0.04,0.01,0.04,0.03,-0.02,0.02,0.01,0.06,-0.06,0.10,-0.06,-0.05,-0.01,-0.09,-0.02,0.01,0.03,-0.04,0.01,-0.01,0.01,0.01,-0.02,0.00,-0.04,0.05,-0.04,-0.05,-0.04,-0.10,0.00,-0.07,0.01,0.01,-0.04,-0.05,0.00,-0.04,-0.03,0.01,-0.06,-0.03,-0.09,-0.01,0.01,0.00,0.02,0.08
HTML/CSS,-0.01,-0.10,1.00,0.56,0.00,0.21,0.01,-0.05,-0.01,-0.06,-0.03,-0.03,0.28,0.07,0.24,0.13,0.01,0.33,0.12,0.08,0.02,-0.03,-0.01,-0.04,0.00,-0.02,0.00,-0.03,0.04,0.04,0.00,-0.05,-0.02,0.00,0.01,0.01,0.01,0.03,0.03,0.08,0.08,0.05,0.10,0.18,0.13,0.04,0.10,0.10,0.01,0.01,0.11,-0.01,0.03,0.10,0.07,0.20,0.04,0.19,0.31,0.20,0.25,0.15,0.09,0.07,0.00,0.15,0.03,0.08,0.17,0.11,0.08,0.14,0.10,0.04,0.06,0.11,0.01,0.02,0.45
JavaScript,0.00,-0.12,0.56,1.00,0.02,0.20,0.03,-0.08,-0.02,-0.08,-0.07,-0.02,0.37,0.05,0.22,0.11,0.06,0.43,0.09,0.12,0.00,-0.06,0.00,-0.06,0.00,-0.02,0.02,-0.02,0.05,0.00,0.01,-0.04,-0.01,-0.01,0.02,0.04,0.02,0.02,0.03,0.14,0.07,0.10,0.15,0.18,0.10,0.03,0.15,0.10,0.08,0.03,0.14,0.00,0.01,0.12,0.06,0.20,0.04,0.22,0.33,0.26,0.38,0.17,0.12,0.07,0.02,0.16,0.07,0.07,0.16,0.12,0.08,0.17,0.10,0.14,0.09,0.13,0.00,0.01,0.51
Objective-C,0.01,0.09,0.00,0.02,1.00,0.08,0.47,0.00,0.05,0.10,0.01,0.01,0.03,0.04,-0.01,0.01,0.09,0.05,0.00,0.04,0.06,0.00,0.15,0.00,0.02,0.03,0.04,0.01,0.07,0.01,0.01,0.01,0.04,0.03,0.02,0.03,0.03,0.02,0.04,0.01,0.11,0.01,0.02,0.05,-0.02,0.02,0.05,0.04,0.02,0.03,0.10,0.02,0.01,0.06,0.04,0.00,0.00,0.02,0.02,0.04,0.01,0.04,0.01,0.02,0.01,0.00,0.02,0.02,0.00,0.03,0.08,0.04,0.01,0.03,0.04,0.05,0.01,0.06,0.16
PHP,0.00,0.00,0.21,0.20,0.08,1.00,0.05,0.00,0.02,0.02,-0.02,-0.03,0.03,0.07,0.17,-0.01,0.01,0.15,0.04,0.01,0.11,-0.01,0.01,-0.01,0.01,0.04,0.02,-0.04,0.02,0.05,-0.02,-0.02,0.00,-0.01,-0.01,0.00,0.01,0.02,0.04,0.01,0.11,0.05,0.09,0.39,0.00,0.02,0.06,0.34,0.01,0.02,0.05,0.01,0.02,0.45,0.29,0.04,-0.01,0.19,0.28,0.08,0.07,0.07,0.01,0.04,0.01,-0.03,0.00,0.03,0.01,0.06,0.27,0.06,0.00,0.10,0.06,0.17,0.03,0.03,0.32
Swift,0.03,0.04,0.01,0.03,0.47,0.05,1.00,0.00,0.02,0.06,0.00,0.03,0.06,0.00,-0.03,-0.02,0.07,0.07,-0.02,0.04,0.02,0.01,0.23,0.01,0.02,0.00,0.03,-0.01,0.10,-0.01,0.01,-0.01,0.03,0.02,0.02,0.05,0.03,0.03,0.04,0.02,0.11,0.01,0.02,0.03,-0.03,-0.01,0.06,0.01,0.03,0.04,0.19,0.01,0.00,0.04,0.02,0.02,0.00,0.03,0.01,0.06,0.04,0.03,0.02,0.03,0.01,-0.02,0.02,0.04,-0.01,0.03,0.04,0.06,0.00,0.03,0.07,0.06,0.01,0.04,0.16
Python,0.00,0.20,-0.05,-0.08,0.00,0.00,0.00,1.00,0.10,0.21,0.14,0.11,-0.08,0.23,0.01,-0.15,0.08,0.02,0.02,-0.03,0.08,0.12,0.03,0.08,0.06,-0.04,0.13,0.07,0.02,0.02,0.06,-0.02,0.02,0.05,0.01,-0.01,0.00,-0.02,0.00,0.13,0.14,0.08,0.05,0.06,-0.13,0.00,0.06,0.07,0.08,0.01,0.00,0.03,-0.01,-0.01,0.01,-0.07,0.35,-0.01,-0.07,0.02,-0.02,-0.03,-0.07,0.28,0.16,-0.16,0.00,0.01,-0.15,0.01,-0.01,0.02,-0.06,0.11,0.09,0.05,0.02,0.04,0.20
Assembly,0.01,0.27,-0.01,-0.02,0.05,0.02,0.02,0.10,1.00,0.38,0.04,0.15,-0.03,0.12,-0.02,0.02,0.06,0.00,0.04,0.00,0.11,0.10,0.03,0.04,0.11,0.05,0.06,0.03,0.01,0.04,0.02,-0.01,0.04,0.09,0.04,0.03,0.07,0.03,0.11,-0.01,0.08,-0.02,-0.02,0.03,-0.04,0.03,0.03,0.05,-0.01,0.03,0.01,0.02,0.02,0.01,0.03,-0.02,0.05,0.01,0.01,0.01,-0.04,0.01,-0.01,0.02,0.02,-0.03,0.01,0.02,-0.01,-0.01,0.04,0.00,-0.01,-0.01,0.03,0.05,0.01,0.05,0.15
C,0.00,0.53,-0.06,-0.08,0.10,0.02,0.06,0.21,0.38,1.00,0.04,0.19,-0.08,0.17,-0.08,-0.01,0.07,-0.02,0.03,-0.01,0.19,0.16,0.02,0.06,0.09,0.04,0.11,0.01,0.04,0.02,0.02,-0.02,0.03,0.09,0.02,0.01,0.05,0.02,0.06,-0.02,0.12,-0.02,-0.02,0.02,-0.09,0.01,0.01,0.07,-0.03,0.03,0.01,0.03,0.01,-0.02,0.02,-0.05,0.09,-0.03,-0.03,-0.02,-0.09,-0.02,-0.04,0.03,0.03,-0.08,-0.02,0.02,-0.07,-0.02,0.03,-0.03,-0.04,-0.05,0.02,0.03,0.04,0.05,0.14
R,-0.01,0.04,-0.03,-0.07,0.01,-0.02,0.00,0.14,0.04,0.04,1.00,0.00,-0.08,0.05,0.05,-0.07,-0.01,-0.05,0.01,0.00,0.06,0.12,-0.02,0.15,0.06,0.00,-0.01,0.05,0.00,0.06,0.00,0.00,0.04,0.06,0.02,-0.01,0.02,0.02,0.06,0.03,0.06,0.00,-0.03,0.04,0.02,0.06,0.01,0.02,-0.02,0.03,0.00,0.02,0.03,-0.02,-0.01,-0.03,0.07,-0.03,-0.02,-0.04,-0.05,-0.01,-0.01,0.04,0.04,-0.04,0.00,0.00,-0.04,-0.01,0.00,0.01,0.01,0.02,0.05,0.01,0.04,0.04,0.06
Rust,0.00,0.14,-0.03,-0.02,0.01,-0.03,0.03,0.11,0.15,0.19,0.00,1.00,0.05,0.09,-0.05,-0.06,0.03,0.03,-0.01,0.03,0.02,0.01,0.07,0.04,0.15,-0.02,0.20,0.05,0.02,-0.03,0.00,0.03,0.02,0.07,0.05,0.09,0.07,0.04,0.01,0.10,0.08,0.04,0.07,-0.02,-0.11,-0.04,0.03,0.04,0.02,0.03,0.01,0.05,-0.02,-0.01,0.00,-0.03,0.06,0.01,-0.08,0.02,0.02,-0.02,0.01,0.03,0.06,-0.07,0.00,0.09,-0.08,0.02,0.00,0.00,-0.03,0.04,0.09,0.10,0.02,0.01,0.14
TypeScript,0.03,-0.08,0.28,0.37,0.03,0.03,0.06,-0.08,-0.03,-0.08,-0.08,0.05,1.00,0.01,0.09,0.14,0.06,0.39,0.09,0.02,-0.04,-0.04,0.08,-0.04,0.02,-0.03,0.08,0.02,0.06,-0.03,0.03,-0.02,0.00,0.00,0.05,0.02,-0.01,0.01,0.01,0.10,0.02,0.10,0.14,0.05,0.08,-0.02,0.16,0.02,0.13,0.03,0.16,0.00,0.01,0.03,0.02,0.41,-0.01,0.12,0.05,0.29,0.35,0.20,0.02,0.00,0.02,0.18,0.08,0.10,0.12,0.13,0.01,0.09,0.15,0.12,0.11,0.05,-0.02,0.01,0.41
Bash/Shell,0.01,0.12,0.07,0.05,0.04,0.07,0.00,0.23,0.12,0.17,0.05,0.09,0.01,1.00,0.08,-0.11,0.12,0.13,0.12,0.10,0.15,0.04,0.03,0.03,0.08,-0.03,0.16,0.06,0.01,-0.01,0.11,0.04,0.01,0.08,0.01,0.03,0.03,0.03,0.02,0.14,0.12,0.11,0.11,0.09,-0.10,0.04,0.06,0.13,0.08,0.03,-0.01,0.05,0.00,0.01,0.05,-0.05,0.12,0.01,0.01,0.06,0.04,0.00,0.05,0.07,0.05,-0.10,0.05,0.03,-0.11,0.02,0.04,0.04,-0.01,0.14,0.08,0.08,0.04,0.04,0.30
SQL,-0.01,-0.10,0.24,0.22,-0.01,0.17,-0.03,0.01,-0.02,-0.08,0.05,-0.05,0.09,0.08,1.00,0.21,0.08,0.11,0.17,0.05,0.04,-0.05,-0.01,-0.03,0.02,0.02,0.01,0.03,0.02,0.11,0.03,-0.02,0.00,0.00,0.03,0.01,0.00,0.03,0.03,0.13,0.13,0.08,0.12,0.22,0.34,0.15,0.02,0.13,0.02,0.02,0.00,0.01,0.07,0.09,0.07,0.11,0.05,0.06,0.23,0.04,0.04,0.09,0.05,0.05,0.01,0.20,0.07,0.02,0.23,-0.01,0.05,0.03,0.15,0.06,0.04,0.04,0.03,0.01,0.39
C#,0.01,0.04,0.13,0.11,0.01,-0.01,-0.02,-0.15,0.02,-0.01,-0.07,-0.06,0.14,-0.11,0.21,1.00,-0.07,0.02,0.34,-0.13,-0.03,-0.01,-0.03,-0.04,-0.02,0.05,-0.09,-0.06,0.03,0.15,-0.04,-0.09,-0.01,-0.03,0.13,-0.06,-0.02,0.01,0.05,-0.16,0.03,-0.04,-0.05,-0.03,0.56,0.05,0.01,-0.05,-0.05,0.02,0.01,-0.02,0.03,-0.03,-0.01,0.19,-0.08,0.02,0.17,-0.03,-0.04,0.13,-0.12,-0.07,-0.05,0.66,-0.08,0.00,0.59,-0.03,0.01,-0.08,0.40,-0.17,-0.07,-0.06,-0.02,0.00,0.22
Java,0.02,0.06,0.01,0.06,0.09,0.01,0.07,0.08,0.06,0.07,-0.01,0.03,0.06,0.12,0.08,-0.07,1.00,0.10,0.00,-0.01,0.07,0.01,0.26,0.00,0.03,0.00,0.07,0.13,0.06,0.00,0.22,0.04,0.01,0.04,0.00,-0.03,0.00,-0.01,0.06,0.06,0.06,0.08,0.03,0.11,-0.05,0.18,0.09,0.05,0.13,0.05,0.06,0.11,0.09,-0.01,0.01,0.09,0.03,-0.01,0.04,0.06,0.05,0.09,-0.06,0.00,0.00,-0.09,0.48,0.02,-0.07,0.01,0.04,0.00,-0.04,0.12,0.08,0.00,0.04,0.03,0.27
Node.js,0.02,-0.04,0.33,0.43,0.05,0.15,0.07,0.02,0.00,-0.02,-0.05,0.03,0.39,0.13,0.11,0.02,0.10,1.00,0.07,0.06,0.00,-0.03,0.06,-0.03,0.02,-0.01,0.09,0.01,0.07,-0.02,0.06,-0.02,-0.01,0.02,0.02,0.03,0.02,0.01,0.01,0.15,0.07,0.11,0.16,0.16,-0.01,-0.01,0.24,0.10,0.16,0.05,0.18,0.02,0.00,0.10,0.07,0.15,0.04,0.20,0.14,0.48,0.39,0.14,0.05,0.04,0.01,0.04,0.08,0.12,0.02,0.15,0.08,0.19,0.06,0.19,0.14,0.13,0.00,0.04,0.50
PowerShell,0.00,0.03,0.12,0.09,0.00,0.04,-0.02,0.02,0.04,0.03,0.01,-0.01,0.09,0.12,0.17,0.34,0.00,0.07,1.00,-0.06,0.04,0.03,-0.01,-0.01,0.01,0.03,0.01,-0.01,0.00,0.17,0.04,-0.04,0.00,0.00,0.08,-0.03,0.00,0.01,0.05,-0.06,0.07,0.04,0.01,0.02,0.34,0.08,0.04,0.03,0.00,0.01,0.00,0.00,0.06,-0.01,0.03,0.10,-0.01,0.03,0.12,-0.01,-0.03,0.09,-0.08,-0.01,-0.01,0.32,-0.01,0.00,0.30,0.00,0.02,-0.05,0.28,-0.06,-0.03,-0.03,0.01,0.00,0.26
Ruby,0.01,-0.06,0.08,0.12,0.04,0.01,0.04,-0.03,0.00,-0.01,0.00,0.03,0.02,0.10,0.05,-0.13,-0.01,0.06,-0.06,1.00,0.04,-0.03,0.01,-0.01,0.03,-0.02,0.11,0.02,0.02,-0.04,0.02,0.02,0.03,0.05,0.00,0.15,0.10,0.11,0.00,0.28,0.06,0.14,0.26,0.09,-0.13,-0.05,0.03,0.05,0.06,0.02,0.03,0.01,-0.03,0.00,0.01,-0.05,0.01,0.06,0.07,0.04,0.13,0.03,0.79,0.02,-0.02,-0.10,-0.01,0.03,-0.10,0.07,0.02,0.28,-0.07,0.18,0.06,0.10,0.02,0.02,0.24
Perl,0.00,0.12,0.02,0.00,0.06,0.11,0.02,0.08,0.11,0.19,0.06,0.02,-0.04,0.15,0.04,-0.03,0.07,0.00,0.04,0.04,1.00,0.05,0.00,0.02,0.05,0.03,0.06,0.01,-0.01,0.03,0.03,0.00,0.03,0.07,0.02,0.02,0.03,0.01,0.08,0.03,0.09,0.05,0.02,0.08,-0.02,0.09,0.01,0.13,0.00,0.04,-0.01,0.04,0.02,0.04,0.04,-0.02,0.04,-0.01,0.05,-0.02,-0.05,0.03,0.01,0.03,0.01,-0.04,0.03,0.00,-0.02,0.00,0.07,-0.01,-0.02,0.01,0.03,0.03,0.05,0.05,0.15
Matlab,-0.02,0.16,-0.03,-0.06,0.00,-0.01,0.01,0.12,0.10,0.16,0.12,0.01,-0.04,0.04,-0.05,-0.01,0.01,-0.03,0.03,-0.03,0.05,1.00,0.00,0.13,0.04,0.00,-0.01,0.01,0.01,0.04,0.00,-0.01,0.03,0.03,0.02,-0.01,0.01,0.02,0.04,-0.03,0.03,-0.02,-0.03,0.00,-0.02,0.02,0.03,0.01,-0.02,0.03,0.02,-0.01,0.00,-0.01,0.01,-0.03,0.04,-0.03,-0.01,-0.01,-0.05,0.00,-0.03,0.05,0.04,-0.04,-0.01,0.02,-0.03,0.00,0.01,0.00,-0.01,-0.04,0.02,0.01,0.03,0.05,0.05
Kotlin,0.03,-0.01,-0.01,0.00,0.15,0.01,0.23,0.03,0.03,0.02,-0.02,0.07,0.08,0.03,-0.01,-0.03,0.26,0.06,-0.01,0.01,0.00,0.00,1.00,0.01,0.06,0.00,0.04,0.04,0.10,-0.03,0.12,0.01,0.02,0.02,0.01,0.03,0.04,0.01,0.03,0.04,0.10,0.05,0.04,0.05,-0.06,0.01,0.05,0.01,0.09,0.03,0.11,0.04,0.00,0.00,0.01,0.04,0.01,0.02,-0.04,0.04,0.04,0.01,-0.01,0.02,-0.01,-0.04,0.15,0.05,-0.05,0.01,0.00,0.02,-0.01,0.06,0.07,0.01,0.01,0.00,0.16
Julia,0.01,0.06,-0.04,-0.06,0.00,-0.01,0.01,0.08,0.04,0.06,0.15,0.04,-0.04,0.03,-0.03,-0.04,0.00,-0.03,-0.01,-0.01,0.02,0.13,0.01,1.00,0.07,0.01,0.00,0.03,0.02,0.01,-0.01,0.03,0.07,0.07,0.06,0.04,0.06,0.02,0.03,0.00,0.03,-0.01,-0.01,-0.02,-0.04,-0.01,0.00,0.00,0.00,0.03,0.00,0.02,0.02,0.00,0.02,-0.02,0.01,-0.01,-0.03,-0.02,-0.03,-0.01,-0.02,0.01,0.04,-0.04,-0.01,0.02,-0.04,0.00,0.01,0.02,-0.02,-0.02,0.03,0.02,0.04,0.04,0.03
Haskell,0.00,0.05,0.00,0.00,0.02,0.01,0.02,0.06,0.11,0.09,0.06,0.15,0.02,0.08,0.02,-0.02,0.03,0.02,0.01,0.03,0.05,0.04,0.06,0.07,1.00,0.00,0.08,0.08,0.02,0.00,0.02,0.06,0.10,0.13,0.07,0.06,0.08,0.01,0.04,0.06,0.08,0.02,0.03,0.00,-0.03,0.00,0.03,0.05,0.01,0.03,0.01,0.03,0.01,0.01,0.03,-0.01,0.05,0.01,0.00,0.02,0.03,0.00,0.00,0.04,0.05,-0.02,0.01,0.03,-0.03,0.02,0.03,0.04,-0.02,0.02,0.03,0.05,0.03,0.05,0.13
Delphi,0.00,0.06,-0.02,-0.02,0.03,0.04,0.00,-0.04,0.05,0.04,0.00,-0.02,-0.03,-0.03,0.02,0.05,0.00,-0.01,0.03,-0.02,0.03,0.00,0.00,0.01,0.00,1.00,0.00,0.01,0.02,0.04,0.00,0.00,0.05,0.02,0.03,0.01,0.01,0.03,0.09,-0.04,0.04,-0.01,-0.02,0.02,0.06,0.05,0.00,0.04,-0.01,0.04,0.01,0.03,0.05,0.03,0.03,0.02,-0.01,-0.01,0.03,-0.01,-0.03,0.03,-0.01,0.00,0.02,0.01,0.00,0.02,0.04,-0.01,0.06,-0.02,0.01,0.00,-0.01,0.00,0.02,0.04,0.05
Go,0.03,0.06,0.00,0.02,0.04,0.02,0.03,0.13,0.06,0.11,-0.01,0.20,0.08,0.16,0.01,-0.09,0.07,0.09,0.01,0.11,0.06,-0.01,0.04,0.00,0.08,0.00,1.00,0.04,0.05,-0.04,0.07,0.01,0.00,0.06,0.03,0.07,0.06,0.04,0.02,0.15,0.08,0.15,0.17,0.07,-0.11,-0.03,0.08,0.08,0.14,0.09,0.03,0.09,0.00,0.02,0.02,-0.02,0.12,0.06,-0.03,0.06,0.07,0.00,0.06,0.05,0.08,-0.08,0.04,0.08,-0.09,0.06,0.02,0.02,0.01,0.16,0.16,0.13,0.02,0.03,0.26
Scala,0.00,0.00,-0.03,-0.02,0.01,-0.04,-0.01,0.07,0.03,0.01,0.05,0.05,0.02,0.06,0.03,-0.06,0.13,0.01,-0.01,0.02,0.01,0.01,0.04,0.03,0.08,0.01,0.04,1.00,0.01,-0.01,0.07,0.07,0.02,0.06,0.02,0.03,0.04,0.00,0.03,0.07,0.02,0.06,0.05,0.05,-0.04,0.03,0.04,-0.01,0.09,0.03,-0.01,0.13,0.03,-0.02,-0.01,0.01,0.03,0.00,-0.02,0.00,0.02,0.00,0.00,0.00,0.03,-0.04,0.06,0.03,-0.04,0.01,0.00,0.00,0.01,0.07,0.05,0.01,0.01,0.03,0.11
Dart,0.00,0.02,0.04,0.05,0.07,0.02,0.10,0.02,0.01,0.04,0.00,0.02,0.06,0.01,0.02,0.03,0.06,0.07,0.00,0.02,-0.01,0.01,0.10,0.02,0.02,0.02,0.05,0.01,1.00,0.00,0.00,0.01,0.03,0.01,0.02,0.02,0.01,0.02,0.01,0.02,0.06,0.01,0.03,0.02,0.00,-0.01,0.06,0.02,0.02,0.03,0.20,0.01,0.00,0.05,0.05,0.05,0.01,0.04,0.02,0.06,0.03,0.02,0.02,0.03,0.03,0.03,0.01,0.06,0.01,0.03,0.02,0.06,0.02,0.01,0.08,0.05,0.01,0.02,0.15
VBA,-0.02,0.02,0.04,0.00,0.01,0.05,-0.01,0.02,0.04,0.02,0.06,-0.03,-0.03,-0.01,0.11,0.15,0.00,-0.02,0.17,-0.04,0.03,0.04,-0.03,0.01,0.00,0.04,-0.04,-0.01,0.00,1.00,-0.01,-0.02,0.03,0.03,0.06,-0.02,0.00,0.04,0.08,-0.05,0.05,-0.03,-0.04,0.04,0.20,0.09,0.00,0.01,-0.02,0.02,0.01,0.01,0.09,0.01,0.02,0.02,-0.01,-0.01,0.08,-0.02,-0.06,0.03,-0.04,0.01,0.01,0.10,-0.01,0.00,0.16,-0.01,0.04,-0.02,0.07,-0.07,0.00,-0.03,0.03,0.01,0.11
Groovy,0.00,0.01,0.00,0.01,0.01,-0.02,0.01,0.06,0.02,0.02,0.00,0.00,0.03,0.11,0.03,-0.04,0.22,0.06,0.04,0.02,0.03,0.00,0.12,-0.01,0.02,0.00,0.07,0.07,0.00,-0.01,1.00,0.01,0.03,0.01,0.01,0.00,0.02,0.00,0.04,0.05,0.03,0.09,0.06,0.03,0.00,0.05,0.04,0.01,0.08,0.04,0.00,0.09,0.04,-0.02,0.00,0.03,0.04,-0.02,0.01,0.01,0.02,0.04,-0.01,0.00,0.02,-0.04,0.21,0.01,-0.04,0.01,0.01,-0.01,0.00,0.07,0.02,-0.02,0.03,0.02,0.15
Clojure,0.01,-0.04,-0.05,-0.04,0.01,-0.02,-0.01,-0.02,-0.01,-0.02,0.00,0.03,-0.02,0.04,-0.02,-0.09,0.04,-0.02,-0.04,0.02,0.00,-0.01,0.01,0.03,0.06,0.00,0.01,0.07,0.01,-0.02,0.01,1.00,0.06,0.20,0.06,0.04,0.07,0.01,0.01,0.10,0.01,0.06,0.02,-0.03,-0.07,0.00,0.00,0.00,0.06,0.02,-0.01,0.07,0.00,0.00,0.00,-0.04,0.00,-0.03,-0.05,-0.03,0.09,-0.02,0.00,0.00,0.00,-0.06,0.01,0.02,-0.06,0.00,-0.01,0.03,-0.05,0.09,0.02,0.04,0.03,0.01,0.03
APL,0.01,0.01,-0.02,-0.01,0.04,0.00,0.03,0.02,0.04,0.03,0.04,0.02,0.00,0.01,0.00,-0.01,0.01,-0.01,0.00,0.03,0.03,0.03,0.02,0.07,0.10,0.05,0.00,0.02,0.03,0.03,0.03,0.06,1.00,0.13,0.07,0.04,0.05,0.06,0.08,0.00,0.01,0.02,0.02,-0.01,0.00,0.01,0.04,0.03,0.02,0.04,0.02,0.07,0.05,0.02,0.04,0.01,0.01,0.01,0.01,0.01,0.00,0.02,0.02,0.03,0.04,0.00,0.01,0.04,0.00,0.02,0.04,0.00,0.01,0.01,0.02,0.02,0.05,0.05,0.07
LISP,0.00,0.04,0.00,-0.01,0.03,-0.01,0.02,0.05,0.09,0.09,0.06,0.07,0.00,0.08,0.00,-0.03,0.04,0.02,0.00,0.05,0.07,0.03,0.02,0.07,0.13,0.02,0.06,0.06,0.01,0.03,0.01,0.20,0.13,1.00,0.07,0.06,0.08,0.02,0.04,0.05,0.05,0.01,0.02,0.00,-0.03,0.01,0.02,0.04,0.01,0.02,0.00,0.03,0.00,0.00,0.00,-0.02,0.05,-0.01,0.00,0.02,0.02,0.00,0.02,0.03,0.01,-0.02,0.00,0.04,-0.03,0.00,0.00,0.03,0.00,0.01,0.02,0.05,0.04,0.03,0.11
F#,0.00,0.03,0.01,0.02,0.02,-0.01,0.02,0.01,0.04,0.02,0.02,0.05,0.05,0.01,0.03,0.13,0.00,0.02,0.08,0.00,0.02,0.02,0.01,0.06,0.07,0.03,0.03,0.02,0.02,0.06,0.01,0.06,0.07,0.07,1.00,0.05,0.06,0.03,0.07,0.04,0.06,0.03,0.01,0.00,0.08,0.01,0.01,0.01,0.00,0.03,0.01,0.05,0.02,-0.01,0.01,0.05,0.00,0.02,0.01,0.02,0.04,0.05,-0.01,0.02,0.01,0.14,-0.01,0.05,0.07,0.01,0.01,0.00,0.09,0.00,0.02,0.02,0.02,0.02,0.13
Elixir,-0.01,-0.02,0.01,0.04,0.03,0.00,0.05,-0.01,0.03,0.01,-0.01,0.09,0.02,0.03,0.01,-0.06,-0.03,0.03,-0.03,0.15,0.02,-0.01,0.03,0.04,0.06,0.01,0.07,0.03,0.02,-0.02,0.00,0.04,0.04,0.06,0.05,1.00,0.47,0.08,0.02,0.16,0.02,0.06,0.10,0.01,-0.05,-0.02,0.01,0.05,0.01,0.04,0.01,0.04,0.00,0.03,0.01,-0.02,0.02,0.03,-0.02,0.04,0.07,0.00,0.15,0.01,0.01,-0.04,-0.01,0.07,-0.04,0.02,0.01,0.09,-0.01,0.08,0.06,0.11,0.02,0.02,0.13
Erlang,0.01,0.02,0.01,0.02,0.03,0.01,0.03,0.00,0.07,0.05,0.02,0.07,-0.01,0.03,0.00,-0.02,0.00,0.02,0.00,0.10,0.03,0.01,0.04,0.06,0.08,0.01,0.06,0.04,0.01,0.00,0.02,0.07,0.05,0.08,0.06,0.47,1.00,0.06,0.05,0.10,0.04,0.04,0.06,0.02,-0.02,0.00,0.03,0.04,0.02,0.05,0.01,0.08,0.01,0.01,0.04,0.00,0.02,0.03,0.00,0.04,0.04,0.01,0.07,0.02,0.01,-0.02,-0.01,0.07,-0.01,0.02,0.02,0.07,0.00,0.04,0.05,0.06,0.05,0.04,0.13
Crystal,0.00,0.01,0.03,0.02,0.02,0.02,0.03,-0.02,0.03,0.02,0.02,0.04,0.01,0.03,0.03,0.01,-0.01,0.01,0.01,0.11,0.01,0.02,0.01,0.02,0.01,0.03,0.04,0.00,0.02,0.04,0.00,0.01,0.06,0.02,0.03,0.08,0.06,1.00,0.07,0.04,0.03,0.03,0.05,0.02,0.02,0.03,0.01,0.02,0.02,0.06,0.01,0.00,0.03,0.03,0.04,0.01,0.00,0.01,0.02,0.00,0.01,0.02,0.11,0.01,0.03,0.02,-0.01,0.05,0.03,0.02,0.03,0.06,0.00,0.03,0.05,0.07,0.05,0.03,0.10
COBOL,0.00,0.06,0.03,0.03,0.04,0.04,0.04,0.00,0.11,0.06,0.06,0.01,0.01,0.02,0.03,0.05,0.06,0.01,0.05,0.00,0.08,0.04,0.03,0.03,0.04,0.09,0.02,0.03,0.01,0.08,0.04,0.01,0.08,0.04,0.07,0.02,0.05,0.07,1.00,0.01,0.06,0.03,0.01,0.04,0.04,0.07,0.05,0.05,0.02,0.12,0.03,0.06,0.17,0.04,0.04,0.03,0.04,0.02,0.04,0.03,0.02,0.05,0.02,0.03,0.03,0.03,0.05,0.04,0.05,0.01,0.07,0.01,0.04,0.01,0.03,0.02,0.07,0.06,0.15
PostgreSQL,0.00,-0.06,0.08,0.14,0.01,0.01,0.02,0.13,-0.01,-0.02,0.03,0.10,0.10,0.14,0.13,-0.16,0.06,0.15,-0.06,0.28,0.03,-0.03,0.04,0.00,0.06,-0.04,0.15,0.07,0.02,-0.05,0.05,0.10,0.00,0.05,0.04,0.16,0.10,0.04,0.01,1.00,0.14,0.17,0.31,0.07,-0.12,-0.02,0.10,0.06,0.14,0.01,0.03,0.06,-0.01,0.02,0.02,0.01,0.18,0.08,-0.01,0.14,0.22,0.02,0.29,0.20,0.12,-0.11,0.08,0.07,-0.13,0.08,0.01,0.26,-0.05,0.32,0.16,0.16,0.01,0.02,0.37
SQLite,0.00,0.10,0.08,0.07,0.11,0.11,0.11,0.14,0.08,0.12,0.06,0.08,0.02,0.12,0.13,0.03,0.06,0.07,0.07,0.06,0.09,0.03,0.10,0.03,0.08,0.04,0.08,0.02,0.06,0.05,0.03,0.01,0.01,0.05,0.06,0.02,0.04,0.03,0.06,0.14,1.00,0.06,0.13,0.18,0.04,0.06,0.07,0.16,0.02,0.06,0.05,0.03,0.03,0.09,0.07,0.02,0.16,0.08,0.10,0.05,0.04,0.03,0.05,0.16,0.06,0.03,-0.01,0.03,0.02,0.02,0.05,0.09,0.07,0.06,0.10,0.14,0.04,0.04,0.35
Elasticsearch,0.01,-0.06,0.05,0.10,0.01,0.05,0.01,0.08,-0.02,-0.02,0.00,0.04,0.10,0.11,0.08,-0.04,0.08,0.11,0.04,0.14,0.05,-0.02,0.05,-0.01,0.02,-0.01,0.15,0.06,0.01,-0.03,0.09,0.06,0.02,0.01,0.03,0.06,0.04,0.03,0.03,0.17,0.06,1.00,0.30,0.11,0.00,0.03,0.14,0.10,0.22,0.07,0.03,0.11,0.00,0.04,0.07,0.04,0.11,0.08,0.04,0.08,0.11,0.06,0.12,0.07,0.06,-0.01,0.10,0.05,-0.01,0.03,0.06,0.06,0.02,0.23,0.12,0.08,0.02,0.04,0.32
Redis,0.01,-0.05,0.10,0.15,0.02,0.09,0.02,0.05,-0.02,-0.02,-0.03,0.07,0.14,0.11,0.12,-0.05,0.03,0.16,0.01,0.26,0.02,-0.03,0.04,-0.01,0.03,-0.02,0.17,0.05,0.03,-0.04,0.06,0.02,0.02,0.02,0.01,0.10,0.06,0.05,0.01,0.31,0.13,0.30,1.00,0.14,-0.05,-0.04,0.16,0.13,0.17,0.04,0.04,0.08,-0.02,0.12,0.07,0.03,0.13,0.13,0.08,0.17,0.17,0.07,0.27,0.13,0.08,0.01,0.07,0.05,-0.02,0.06,0.03,0.17,0.03,0.25,0.14,0.18,0.00,0.04,0.40
MySQL,0.00,-0.01,0.18,0.18,0.05,0.39,0.03,0.06,0.03,0.02,0.04,-0.02,0.05,0.09,0.22,-0.03,0.11,0.16,0.02,0.09,0.08,0.00,0.05,-0.02,0.00,0.02,0.07,0.05,0.02,0.04,0.03,-0.03,-0.01,0.00,0.00,0.01,0.02,0.02,0.04,0.07,0.18,0.11,0.14,1.00,0.00,0.08,0.13,0.29,0.07,0.05,0.08,0.04,0.03,0.23,0.14,0.06,0.07,0.12,0.20,0.13,0.11,0.09,0.09,0.09,0.02,-0.02,0.08,0.05,-0.01,0.05,0.16,0.08,0.01,0.19,0.13,0.14,0.04,0.03,0.40
Microsoft SQL Server,-0.01,-0.09,0.13,0.10,-0.02,0.00,-0.03,-0.13,-0.04,-0.09,0.02,-0.11,0.08,-0.10,0.34,0.56,-0.05,-0.01,0.34,-0.13,-0.02,-0.02,-0.06,-0.04,-0.03,0.06,-0.11,-0.04,0.00,0.20,0.00,-0.07,0.00,-0.03,0.08,-0.05,-0.02,0.02,0.04,-0.12,0.04,0.00,-0.05,0.00,1.00,0.12,0.00,-0.01,-0.05,0.03,-0.02,0.00,0.10,-0.01,0.00,0.18,-0.06,0.02,0.20,-0.04,-0.07,0.13,-0.12,-0.05,-0.04,0.53,-0.03,-0.01,0.53,-0.04,0.02,-0.09,0.40,-0.12,-0.06,-0.07,-0.01,0.01,0.22
Oracle,0.00,-0.02,0.04,0.03,0.02,0.02,-0.01,0.00,0.03,0.01,0.06,-0.04,-0.02,0.04,0.15,0.05,0.18,-0.01,0.08,-0.05,0.09,0.02,0.01,-0.01,0.00,0.05,-0.03,0.03,-0.01,0.09,0.05,0.00,0.01,0.01,0.01,-0.02,0.00,0.03,0.07,-0.02,0.06,0.03,-0.04,0.08,0.12,1.00,0.03,0.06,0.01,0.04,-0.03,0.06,0.11,0.00,0.01,0.08,0.01,-0.01,0.09,-0.03,-0.05,0.07,-0.05,0.02,0.00,0.04,0.19,0.01,0.07,-0.02,0.05,-0.03,0.06,-0.01,-0.02,-0.02,0.17,0.03,0.15
MongoDB,-0.01,0.01,0.10,0.15,0.05,0.06,0.06,0.06,0.03,0.01,0.01,0.03,0.16,0.06,0.02,0.01,0.09,0.24,0.04,0.03,0.01,0.03,0.05,0.00,0.03,0.00,0.08,0.04,0.06,0.00,0.04,0.00,0.04,0.02,0.01,0.01,0.03,0.01,0.05,0.10,0.07,0.14,0.16,0.13,0.00,0.03,1.00,0.09,0.11,0.07,0.15,0.05,0.03,0.05,0.03,0.13,0.12,0.12,0.07,0.29,0.18,0.12,0.03,0.06,0.07,0.02,0.08,0.06,0.00,0.08,0.05,0.17,0.07,0.13,0.14,0.12,0.02,0.04,0.36
MariaDB,0.00,0.03,0.10,0.10,0.04,0.34,0.01,0.07,0.05,0.07,0.02,0.04,0.02,0.13,0.13,-0.05,0.05,0.10,0.03,0.05,0.13,0.01,0.01,0.00,0.05,0.04,0.08,-0.01,0.02,0.01,0.01,0.00,0.03,0.04,0.01,0.05,0.04,0.02,0.05,0.06,0.16,0.10,0.13,0.29,-0.01,0.06,0.09,1.00,0.04,0.07,0.04,0.08,0.03,0.22,0.21,0.02,0.08,0.12,0.15,0.07,0.02,0.03,0.04,0.10,0.04,-0.04,0.05,0.06,-0.04,0.05,0.20,0.05,0.01,0.10,0.08,0.15,0.05,0.04,0.31
DynamoDB,0.02,-0.04,0.01,0.08,0.02,0.01,0.03,0.08,-0.01,-0.03,-0.02,0.02,0.13,0.08,0.02,-0.05,0.13,0.16,0.00,0.06,0.00,-0.02,0.09,0.00,0.01,-0.01,0.14,0.09,0.02,-0.02,0.08,0.06,0.02,0.01,0.00,0.01,0.02,0.02,0.02,0.14,0.02,0.22,0.17,0.07,-0.05,0.01,0.11,0.04,1.00,0.05,0.06,0.08,0.00,0.02,0.02,0.03,0.08,0.04,0.00,0.13,0.13,0.04,0.03,0.04,0.08,-0.03,0.12,0.05,-0.05,0.07,0.03,0.03,-0.04,0.33,0.07,0.03,0.03,0.02,0.26
Couchbase,0.01,0.01,0.01,0.03,0.03,0.02,0.04,0.01,0.03,0.03,0.03,0.03,0.03,0.03,0.02,0.02,0.05,0.05,0.01,0.02,0.04,0.03,0.03,0.03,0.03,0.04,0.09,0.03,0.03,0.02,0.04,0.02,0.04,0.02,0.03,0.04,0.05,0.06,0.12,0.01,0.06,0.07,0.04,0.05,0.03,0.04,0.07,0.07,0.05,1.00,0.03,0.09,0.04,0.03,0.02,0.04,0.04,0.03,0.03,0.03,0.03,0.03,0.01,0.02,0.05,0.03,0.04,0.05,0.04,0.02,0.06,0.02,0.04,0.04,0.07,0.05,0.06,0.06,0.15
Firebase,0.00,-0.01,0.11,0.14,0.10,0.05,0.19,0.00,0.01,0.01,0.00,0.01,0.16,-0.01,0.00,0.01,0.06,0.18,0.00,0.03,-0.01,0.02,0.11,0.00,0.01,0.01,0.03,-0.01,0.20,0.01,0.00,-0.01,0.02,0.00,0.01,0.01,0.01,0.01,0.03,0.03,0.05,0.03,0.04,0.08,-0.02,-0.03,0.15,0.04,0.06,0.03,1.00,-0.01,-0.01,0.04,0.01,0.13,0.04,0.11,0.06,0.18,0.15,0.09,0.03,0.04,0.00,0.01,0.02,0.06,0.01,0.11,0.04,0.14,0.03,0.05,0.28,0.07,0.02,0.04,0.26
Cassandra,0.00,0.01,-0.01,0.00,0.02,0.01,0.01,0.03,0.02,0.03,0.02,0.05,0.00,0.05,0.01,-0.02,0.11,0.02,0.00,0.01,0.04,-0.01,0.04,0.02,0.03,0.03,0.09,0.13,0.01,0.01,0.09,0.07,0.07,0.03,0.05,0.04,0.08,0.00,0.06,0.06,0.03,0.11,0.08,0.04,0.00,0.06,0.05,0.08,0.08,0.09,-0.01,1.00,0.03,0.01,0.02,0.02,0.06,0.00,0.01,0.02,0.02,0.03,0.02,0.02,0.05,-0.03,0.12,0.02,-0.02,0.01,0.03,0.01,0.03,0.05,0.06,0.03,0.03,0.03,0.15
IBM DB2,0.02,0.01,0.03,0.01,0.01,0.02,0.00,-0.01,0.02,0.01,0.03,-0.02,0.01,0.00,0.07,0.03,0.09,0.00,0.06,-0.03,0.02,0.00,0.00,0.02,0.01,0.05,0.00,0.03,0.00,0.09,0.04,0.00,0.05,0.00,0.02,0.00,0.01,0.03,0.17,-0.01,0.03,0.00,-0.02,0.03,0.10,0.11,0.03,0.03,0.00,0.04,-0.01,0.03,1.00,0.03,0.01,0.05,0.00,0.01,0.04,0.01,0.00,0.04,-0.02,0.00,0.03,0.03,0.12,0.02,0.04,0.00,0.03,-0.01,0.05,-0.03,0.00,0.00,0.05,0.13,0.11
Laravel,-0.01,-0.02,0.10,0.12,0.06,0.45,0.04,-0.01,0.01,-0.02,-0.02,-0.01,0.03,0.01,0.09,-0.03,-0.01,0.10,-0.01,0.00,0.04,-0.01,0.00,0.00,0.01,0.03,0.02,-0.02,0.05,0.01,-0.02,0.00,0.02,0.00,-0.01,0.03,0.01,0.03,0.04,0.02,0.09,0.04,0.12,0.23,-0.01,0.00,0.05,0.22,0.02,0.03,0.04,0.01,0.03,1.00,0.27,0.04,0.00,0.24,0.16,0.07,0.04,0.06,0.00,0.03,0.01,-0.03,0.01,0.06,-0.02,0.04,0.16,0.06,-0.01,0.09,0.04,0.16,0.03,0.02,0.23
Symfony,0.00,0.00,0.07,0.06,0.04,0.29,0.02,0.01,0.03,0.02,-0.01,0.00,0.02,0.05,0.07,-0.01,0.01,0.07,0.03,0.01,0.04,0.01,0.01,0.02,0.03,0.03,0.02,-0.01,0.05,0.02,0.00,0.00,0.04,0.00,0.01,0.01,0.04,0.04,0.04,0.02,0.07,0.07,0.07,0.14,0.00,0.01,0.03,0.21,0.02,0.02,0.01,0.02,0.01,0.27,1.00,0.01,0.01,0.12,0.13,0.01,0.03,0.04,0.01,0.03,0.03,-0.01,0.01,0.02,0.00,0.05,0.28,0.02,0.01,0.05,0.02,0.09,0.02,0.04,0.18
Angular,0.01,-0.04,0.20,0.20,0.00,0.04,0.02,-0.07,-0.02,-0.05,-0.03,-0.03,0.41,-0.05,0.11,0.19,0.09,0.15,0.10,-0.05,-0.02,-0.03,0.04,-0.02,-0.01,0.02,-0.02,0.01,0.05,0.02,0.03,-0.04,0.01,-0.02,0.05,-0.02,0.00,0.01,0.03,0.01,0.02,0.04,0.03,0.06,0.18,0.08,0.13,0.02,0.03,0.04,0.13,0.02,0.05,0.04,0.01,1.00,-0.02,0.06,0.09,0.12,0.03,0.33,-0.04,0.00,0.01,0.22,0.14,0.04,0.18,0.03,0.03,0.02,0.17,0.04,0.05,0.00,0.00,0.03,0.30
Flask,0.01,0.05,0.04,0.04,0.00,-0.01,0.00,0.35,0.05,0.09,0.07,0.06,-0.01,0.12,0.05,-0.08,0.03,0.04,-0.01,0.01,0.04,0.04,0.01,0.01,0.05,-0.01,0.12,0.03,0.01,-0.01,0.04,0.00,0.01,0.05,0.00,0.02,0.02,0.00,0.04,0.18,0.16,0.11,0.13,0.07,-0.06,0.01,0.12,0.08,0.08,0.04,0.04,0.06,0.00,0.00,0.01,-0.02,1.00,0.03,0.02,0.06,0.07,-0.01,0.01,0.26,0.22,-0.07,0.02,0.04,-0.08,0.04,0.01,0.09,0.00,0.12,0.15,0.10,0.02,0.05,0.25
Vue.js,0.01,-0.04,0.19,0.22,0.02,0.19,0.03,-0.01,0.01,-0.03,-0.03,0.01,0.12,0.01,0.06,0.02,-0.01,0.20,0.03,0.06,-0.01,-0.03,0.02,-0.01,0.01,-0.01,0.06,0.00,0.04,-0.01,-0.02,-0.03,0.01,-0.01,0.02,0.03,0.03,0.01,0.02,0.08,0.08,0.08,0.13,0.12,0.02,-0.01,0.12,0.12,0.04,0.03,0.11,0.00,0.01,0.24,0.12,0.06,0.03,1.00,0.14,0.15,0.06,0.10,0.05,0.04,0.06,0.06,-0.01,0.10,0.04,0.06,0.07,0.09,0.04,0.11,0.07,0.15,0.02,0.02,0.29
jQuery,0.00,-0.05,0.31,0.33,0.02,0.28,0.01,-0.07,0.01,-0.03,-0.02,-0.08,0.05,0.01,0.23,0.17,0.04,0.14,0.12,0.07,0.05,-0.01,-0.04,-0.03,0.00,0.03,-0.03,-0.02,0.02,0.08,0.01,-0.05,0.01,0.00,0.01,-0.02,0.00,0.02,0.04,-0.01,0.10,0.04,0.08,0.20,0.20,0.09,0.07,0.15,0.00,0.03,0.06,0.01,0.04,0.16,0.13,0.09,0.02,0.14,1.00,0.08,0.06,0.20,0.09,0.05,-0.01,0.17,0.04,0.03,0.27,0.04,0.14,0.07,0.12,0.02,0.04,0.07,0.02,0.03,0.37
Express,0.01,-0.04,0.20,0.26,0.04,0.08,0.06,0.02,0.01,-0.02,-0.04,0.02,0.29,0.06,0.04,-0.03,0.06,0.48,-0.01,0.04,-0.02,-0.01,0.04,-0.02,0.02,-0.01,0.06,0.00,0.06,-0.02,0.01,-0.03,0.01,0.02,0.02,0.04,0.04,0.00,0.03,0.14,0.05,0.08,0.17,0.13,-0.04,-0.03,0.29,0.07,0.13,0.03,0.18,0.02,0.01,0.07,0.01,0.12,0.06,0.15,0.08,1.00,0.32,0.12,0.04,0.04,0.02,-0.02,0.08,0.11,-0.03,0.18,0.06,0.23,0.03,0.15,0.14,0.14,0.01,0.04,0.39
React.js,0.01,-0.10,0.25,0.38,0.01,0.07,0.04,-0.02,-0.04,-0.09,-0.05,0.02,0.35,0.04,0.04,-0.04,0.05,0.39,-0.03,0.13,-0.05,-0.05,0.04,-0.03,0.03,-0.03,0.07,0.02,0.03,-0.06,0.02,0.09,0.00,0.02,0.04,0.07,0.04,0.01,0.02,0.22,0.04,0.11,0.17,0.11,-0.07,-0.05,0.18,0.02,0.13,0.03,0.15,0.02,0.00,0.04,0.03,0.03,0.07,0.06,0.06,0.32,1.00,0.09,0.15,0.08,0.04,-0.01,0.06,0.09,-0.04,0.22,0.06,0.22,0.02,0.20,0.13,0.09,-0.01,0.01,0.38
Angular.js,0.01,0.00,0.15,0.17,0.04,0.07,0.03,-0.03,0.01,-0.02,-0.01,-0.02,0.20,0.00,0.09,0.13,0.09,0.14,0.09,0.03,0.03,0.00,0.01,-0.01,0.00,0.03,0.00,0.00,0.02,0.03,0.04,-0.02,0.02,0.00,0.05,0.00,0.01,0.02,0.05,0.02,0.03,0.06,0.07,0.09,0.13,0.07,0.12,0.03,0.04,0.03,0.09,0.03,0.04,0.06,0.04,0.33,-0.01,0.10,0.20,0.12,0.09,1.00,0.04,0.02,0.00,0.16,0.08,0.04,0.19,0.05,0.07,0.05,0.12,0.05,0.06,0.02,0.03,0.06,0.31
Ruby on Rails,0.00,-0.07,0.09,0.12,0.01,0.01,0.02,-0.07,-0.01,-0.04,-0.01,0.01,0.02,0.05,0.05,-0.12,-0.06,0.05,-0.08,0.79,0.01,-0.03,-0.01,-0.02,0.00,-0.01,0.06,0.00,0.02,-0.04,-0.01,0.00,0.02,0.02,-0.01,0.15,0.07,0.11,0.02,0.29,0.05,0.12,0.27,0.09,-0.12,-0.05,0.03,0.04,0.03,0.01,0.03,0.02,-0.02,0.00,0.01,-0.04,0.01,0.05,0.09,0.04,0.15,0.04,1.00,0.02,-0.01,-0.09,-0.01,0.03,-0.09,0.08,0.03,0.32,-0.07,0.16,0.06,0.10,0.01,0.03,0.22
Django,-0.02,0.01,0.07,0.07,0.02,0.04,0.03,0.28,0.02,0.03,0.04,0.03,0.00,0.07,0.05,-0.07,0.00,0.04,-0.01,0.02,0.03,0.05,0.02,0.01,0.04,0.00,0.05,0.00,0.03,0.01,0.00,0.00,0.03,0.03,0.02,0.01,0.02,0.01,0.03,0.20,0.16,0.07,0.13,0.09,-0.05,0.02,0.06,0.10,0.04,0.02,0.04,0.02,0.00,0.03,0.03,0.00,0.26,0.04,0.05,0.04,0.08,0.02,0.02,1.00,0.11,-0.07,0.01,0.02,-0.06,0.05,0.05,0.11,-0.01,0.11,0.09,0.08,0.02,0.06,0.23
FastAPI,0.00,0.01,0.00,0.02,0.01,0.01,0.01,0.16,0.02,0.03,0.04,0.06,0.02,0.05,0.01,-0.05,0.00,0.01,-0.01,-0.02,0.01,0.04,-0.01,0.04,0.05,0.02,0.08,0.03,0.03,0.01,0.02,0.00,0.04,0.01,0.01,0.01,0.01,0.03,0.03,0.12,0.06,0.06,0.08,0.02,-0.04,0.00,0.07,0.04,0.08,0.05,0.00,0.05,0.03,0.01,0.03,0.01,0.22,0.06,-0.01,0.02,0.04,0.00,-0.01,0.11,1.00,-0.05,0.01,0.05,-0.04,0.04,0.01,0.05,-0.02,0.07,0.06,0.06,0.00,0.05,0.14
ASP.NET Core ,0.01,-0.04,0.15,0.16,0.00,-0.03,-0.02,-0.16,-0.03,-0.08,-0.04,-0.07,0.18,-0.10,0.20,0.66,-0.09,0.04,0.32,-0.10,-0.04,-0.04,-0.04,-0.04,-0.02,0.01,-0.08,-0.04,0.03,0.10,-0.04,-0.06,0.00,-0.02,0.14,-0.04,-0.02,0.02,0.03,-0.11,0.03,-0.01,0.01,-0.02,0.53,0.04,0.02,-0.04,-0.03,0.03,0.01,-0.03,0.03,-0.03,-0.01,0.22,-0.07,0.06,0.17,-0.02,-0.01,0.16,-0.09,-0.07,-0.05,1.00,-0.07,0.00,0.62,-0.02,0.00,-0.06,0.41,-0.10,-0.04,-0.07,0.00,0.00,0.24
Spring,0.02,-0.05,0.03,0.07,0.02,0.00,0.02,0.00,0.01,-0.02,0.00,0.00,0.08,0.05,0.07,-0.08,0.48,0.08,-0.01,-0.01,0.03,-0.01,0.15,-0.01,0.01,0.00,0.04,0.06,0.01,-0.01,0.21,0.01,0.01,0.00,-0.01,-0.01,-0.01,-0.01,0.05,0.08,-0.01,0.10,0.07,0.08,-0.03,0.19,0.08,0.05,0.12,0.04,0.02,0.12,0.12,0.01,0.01,0.14,0.02,-0.01,0.04,0.08,0.06,0.08,-0.01,0.01,0.01,-0.07,1.00,0.01,-0.06,0.02,0.03,0.01,-0.02,0.11,0.03,-0.01,0.04,0.02,0.21
Svelte,0.01,0.00,0.08,0.07,0.02,0.03,0.04,0.01,0.02,0.02,0.00,0.09,0.10,0.03,0.02,0.00,0.02,0.12,0.00,0.03,0.00,0.02,0.05,0.02,0.03,0.02,0.08,0.03,0.06,0.00,0.01,0.02,0.04,0.04,0.05,0.07,0.07,0.05,0.04,0.07,0.03,0.05,0.05,0.05,-0.01,0.01,0.06,0.06,0.05,0.05,0.06,0.02,0.02,0.06,0.02,0.04,0.04,0.10,0.03,0.11,0.09,0.04,0.03,0.02,0.05,0.00,0.01,1.00,-0.01,0.07,0.03,0.07,0.03,0.04,0.06,0.11,0.06,0.05,0.19
ASP.NET,0.01,-0.04,0.17,0.16,0.00,0.01,-0.01,-0.15,-0.01,-0.07,-0.04,-0.08,0.12,-0.11,0.23,0.59,-0.07,0.02,0.30,-0.10,-0.02,-0.03,-0.05,-0.04,-0.03,0.04,-0.09,-0.04,0.01,0.16,-0.04,-0.06,0.00,-0.03,0.07,-0.04,-0.01,0.03,0.05,-0.13,0.02,-0.01,-0.02,-0.01,0.53,0.07,0.00,-0.04,-0.05,0.04,0.01,-0.02,0.04,-0.02,0.00,0.18,-0.08,0.04,0.27,-0.03,-0.04,0.19,-0.09,-0.06,-0.04,0.62,-0.06,-0.01,1.00,-0.02,0.03,-0.06,0.34,-0.10,-0.05,-0.06,-0.01,0.02,0.23
Gatsby,-0.01,-0.03,0.11,0.12,0.03,0.06,0.03,0.01,-0.01,-0.02,-0.01,0.02,0.13,0.02,-0.01,-0.03,0.01,0.15,0.00,0.07,0.00,0.00,0.01,0.00,0.02,-0.01,0.06,0.01,0.03,-0.01,0.01,0.00,0.02,0.00,0.01,0.02,0.02,0.02,0.01,0.08,0.02,0.03,0.06,0.05,-0.04,-0.02,0.08,0.05,0.07,0.02,0.11,0.01,0.00,0.04,0.05,0.03,0.04,0.06,0.04,0.18,0.22,0.05,0.08,0.05,0.04,-0.02,0.02,0.07,-0.02,1.00,0.08,0.12,0.01,0.07,0.08,0.07,0.02,0.01,0.20
Drupal,-0.01,0.01,0.08,0.08,0.08,0.27,0.04,-0.01,0.04,0.03,0.00,0.00,0.01,0.04,0.05,0.01,0.04,0.08,0.02,0.02,0.07,0.01,0.00,0.01,0.03,0.06,0.02,0.00,0.02,0.04,0.01,-0.01,0.04,0.00,0.01,0.01,0.02,0.03,0.07,0.01,0.05,0.06,0.03,0.16,0.02,0.05,0.05,0.20,0.03,0.06,0.04,0.03,0.03,0.16,0.28,0.03,0.01,0.07,0.14,0.06,0.06,0.07,0.03,0.05,0.01,0.00,0.03,0.03,0.03,0.08,1.00,0.06,0.01,0.05,0.05,0.09,0.03,0.07,0.21
Heroku,-0.01,-0.06,0.14,0.17,0.04,0.06,0.06,0.02,0.00,-0.03,0.01,0.00,0.09,0.04,0.03,-0.08,0.00,0.19,-0.05,0.28,-0.01,0.00,0.02,0.02,0.04,-0.02,0.02,0.00,0.06,-0.02,-0.01,0.03,0.00,0.03,0.00,0.09,0.07,0.06,0.01,0.26,0.09,0.06,0.17,0.08,-0.09,-0.03,0.17,0.05,0.03,0.02,0.14,0.01,-0.01,0.06,0.02,0.02,0.09,0.09,0.07,0.23,0.22,0.05,0.32,0.11,0.05,-0.06,0.01,0.07,-0.06,0.12,0.06,1.00,-0.03,0.14,0.10,0.15,0.02,0.03,0.30
Microsoft Azure,0.02,-0.03,0.10,0.10,0.01,0.00,0.00,-0.06,-0.01,-0.04,0.01,-0.03,0.15,-0.01,0.15,0.40,-0.04,0.06,0.28,-0.07,-0.02,-0.01,-0.01,-0.02,-0.02,0.01,0.01,0.01,0.02,0.07,0.00,-0.05,0.01,0.00,0.09,-0.01,0.00,0.00,0.04,-0.05,0.07,0.02,0.03,0.01,0.40,0.06,0.07,0.01,-0.04,0.04,0.03,0.03,0.05,-0.01,0.01,0.17,0.00,0.04,0.12,0.03,0.02,0.12,-0.07,-0.01,-0.02,0.41,-0.02,0.03,0.34,0.01,0.01,-0.03,1.00,-0.05,0.06,-0.01,0.05,0.05,0.27
AWS,0.03,-0.09,0.04,0.14,0.03,0.10,0.03,0.11,-0.01,-0.05,0.02,0.04,0.12,0.14,0.06,-0.17,0.12,0.19,-0.06,0.18,0.01,-0.04,0.06,-0.02,0.02,0.00,0.16,0.07,0.01,-0.07,0.07,0.09,0.01,0.01,0.00,0.08,0.04,0.03,0.01,0.32,0.06,0.23,0.25,0.19,-0.12,-0.01,0.13,0.10,0.33,0.04,0.05,0.05,-0.03,0.09,0.05,0.04,0.12,0.11,0.02,0.15,0.20,0.05,0.16,0.11,0.07,-0.10,0.11,0.04,-0.10,0.07,0.05,0.14,-0.05,1.00,0.15,0.13,0.04,0.04,0.36
Google Cloud Platform,0.03,-0.01,0.06,0.09,0.04,0.06,0.07,0.09,0.03,0.02,0.05,0.09,0.11,0.08,0.04,-0.07,0.08,0.14,-0.03,0.06,0.03,0.02,0.07,0.03,0.03,-0.01,0.16,0.05,0.08,0.00,0.02,0.02,0.02,0.02,0.02,0.06,0.05,0.05,0.03,0.16,0.10,0.12,0.14,0.13,-0.06,-0.02,0.14,0.08,0.07,0.07,0.28,0.06,0.00,0.04,0.02,0.05,0.15,0.07,0.04,0.14,0.13,0.06,0.06,0.09,0.06,-0.04,0.03,0.06,-0.05,0.08,0.05,0.10,0.06,0.15,1.00,0.13,0.05,0.08,0.32
DigitalOcean,0.00,0.01,0.11,0.13,0.05,0.17,0.06,0.05,0.05,0.03,0.01,0.10,0.05,0.08,0.04,-0.06,0.00,0.13,-0.03,0.10,0.03,0.01,0.01,0.02,0.05,0.00,0.13,0.01,0.05,-0.03,-0.02,0.04,0.02,0.05,0.02,0.11,0.06,0.07,0.02,0.16,0.14,0.08,0.18,0.14,-0.07,-0.02,0.12,0.15,0.03,0.05,0.07,0.03,0.00,0.16,0.09,0.00,0.10,0.15,0.07,0.14,0.09,0.02,0.10,0.08,0.06,-0.07,-0.01,0.11,-0.06,0.07,0.09,0.15,-0.01,0.13,0.13,1.00,0.05,0.06,0.29
Oracle Cloud Infrastructure,0.01,0.00,0.01,0.00,0.01,0.03,0.01,0.02,0.01,0.04,0.04,0.02,-0.02,0.04,0.03,-0.02,0.04,0.00,0.01,0.02,0.05,0.03,0.01,0.04,0.03,0.02,0.02,0.01,0.01,0.03,0.03,0.03,0.05,0.04,0.02,0.02,0.05,0.05,0.07,0.01,0.04,0.02,0.00,0.04,-0.01,0.17,0.02,0.05,0.03,0.06,0.02,0.03,0.05,0.03,0.02,0.00,0.02,0.02,0.02,0.01,-0.01,0.03,0.01,0.02,0.00,0.00,0.04,0.06,-0.01,0.02,0.03,0.02,0.05,0.04,0.05,0.05,1.00,0.11,0.10
IBM Cloud or Watson,-0.01,0.02,0.02,0.01,0.06,0.03,0.04,0.04,0.05,0.05,0.04,0.01,0.01,0.04,0.01,0.00,0.03,0.04,0.00,0.02,0.05,0.05,0.00,0.04,0.05,0.04,0.03,0.03,0.02,0.01,0.02,0.01,0.05,0.03,0.02,0.02,0.04,0.03,0.06,0.02,0.04,0.04,0.04,0.03,0.01,0.03,0.04,0.04,0.02,0.06,0.04,0.03,0.13,0.02,0.04,0.03,0.05,0.02,0.03,0.04,0.01,0.06,0.03,0.06,0.05,0.00,0.02,0.05,0.02,0.01,0.07,0.03,0.05,0.04,0.08,0.06,0.11,1.00,0.14
total_2,0.02,0.08,0.45,0.51,0.16,0.32,0.16,0.20,0.15,0.14,0.06,0.14,0.41,0.30,0.39,0.22,0.27,0.50,0.26,0.24,0.15,0.05,0.16,0.03,0.13,0.05,0.26,0.11,0.15,0.11,0.15,0.03,0.07,0.11,0.13,0.13,0.13,0.10,0.15,0.37,0.35,0.32,0.40,0.40,0.22,0.15,0.36,0.31,0.26,0.15,0.26,0.15,0.11,0.23,0.18,0.30,0.25,0.29,0.37,0.39,0.38,0.31,0.22,0.23,0.14,0.24,0.21,0.19,0.23,0.20,0.21,0.30,0.27,0.36,0.32,0.29,0.10,0.14,1.00
